millis,voltage,current,power,capacity,energy
0, 1.39, 180.10, 250.34, 0.00, 0.00
15081, 1.39, 180.20, 249.76, 0.75, 1.05
31081, 1.38, 180.30, 249.18, 1.56, 2.16
47082, 1.38, 180.30, 249.18, 2.36, 3.26
63081, 1.38, 180.30, 248.46, 3.16, 4.37
79082, 1.37, 180.30, 247.74, 3.96, 5.47
95081, 1.37, 180.20, 247.60, 4.76, 6.57
111081, 1.37, 180.20, 246.88, 5.56, 7.67
127081, 1.37, 180.30, 247.02, 6.36, 8.77
143081, 1.37, 180.30, 246.30, 7.17, 9.86
159081, 1.37, 180.30, 246.30, 7.97, 10.96
175081, 1.36, 180.30, 245.57, 8.77, 12.05
191081, 1.36, 180.30, 244.85, 9.57, 13.14
207081, 1.36, 180.30, 244.85, 10.37, 14.23
223081, 1.35, 180.30, 244.13, 11.17, 15.31
239081, 1.35, 180.30, 244.13, 11.97, 16.40
255081, 1.35, 180.30, 244.13, 12.77, 17.48
271081, 1.35, 180.30, 243.41, 13.58, 18.57
287081, 1.35, 180.30, 243.41, 14.38, 19.65
303081, 1.35, 180.30, 243.41, 15.18, 20.73
319081, 1.35, 180.30, 242.69, 15.98, 21.81
335082, 1.35, 180.30, 242.69, 16.78, 22.89
351082, 1.34, 180.30, 241.97, 17.58, 23.96
367081, 1.34, 180.30, 241.97, 18.38, 25.04
383081, 1.34, 180.30, 241.25, 19.19, 26.11
399081, 1.34, 180.30, 241.25, 19.99, 27.19
415081, 1.34, 180.40, 241.38, 20.79, 28.26
431081, 1.34, 180.30, 241.25, 21.59, 29.33
447081, 1.33, 180.40, 240.66, 22.39, 30.40
463081, 1.33, 180.30, 239.80, 23.19, 31.47
479081, 1.33, 180.40, 240.66, 23.99, 32.54
495081, 1.33, 180.40, 239.94, 24.80, 33.61
511081, 1.33, 180.40, 239.94, 25.60, 34.67
527081, 1.33, 180.30, 239.80, 26.40, 35.74
543081, 1.33, 180.40, 239.22, 27.20, 36.80
559081, 1.33, 180.40, 239.22, 28.00, 37.87
575081, 1.33, 180.40, 239.22, 28.80, 38.93
591082, 1.32, 180.40, 238.49, 29.61, 39.99
607081, 1.32, 180.30, 238.36, 30.41, 41.05
623082, 1.32, 180.40, 238.49, 31.21, 42.11
639081, 1.32, 180.40, 237.77, 32.01, 43.17
655082, 1.32, 180.40, 237.77, 32.81, 44.23
671082, 1.32, 180.30, 237.64, 33.61, 45.28
687081, 1.32, 180.30, 237.64, 34.42, 46.34
703081, 1.31, 180.30, 236.92, 35.22, 47.39
719081, 1.31, 180.40, 237.05, 36.02, 48.45
735081, 1.31, 180.40, 237.05, 36.82, 49.50
751081, 1.31, 180.30, 236.20, 37.62, 50.55
767081, 1.31, 180.30, 236.20, 38.42, 51.60
783081, 1.31, 180.30, 236.20, 39.22, 52.65
799081, 1.31, 180.30, 236.20, 40.03, 53.70
815081, 1.31, 180.40, 236.33, 40.83, 54.75
831081, 1.31, 180.40, 235.61, 41.63, 55.80
847081, 1.31, 180.40, 235.61, 42.43, 56.85
863081, 1.31, 180.30, 235.48, 43.23, 57.89
879081, 1.30, 180.30, 234.76, 44.03, 58.94
895082, 1.30, 180.30, 234.76, 44.83, 59.98
911081, 1.30, 180.40, 234.89, 45.64, 61.03
927081, 1.30, 180.30, 234.03, 46.44, 62.07
943081, 1.30, 180.30, 234.03, 47.24, 63.11
959081, 1.30, 180.40, 234.17, 48.04, 64.15
975082, 1.30, 180.40, 234.17, 48.84, 65.19
991081, 1.30, 180.30, 234.03, 49.64, 66.23
1007082, 1.30, 180.30, 234.03, 50.45, 67.27
1023081, 1.29, 180.30, 233.31, 51.25, 68.31
1039081, 1.29, 180.40, 233.44, 52.05, 69.35
1055081, 1.29, 180.30, 233.32, 52.85, 70.39
1071081, 1.29, 180.40, 233.44, 53.65, 71.42
1087081, 1.29, 180.30, 232.59, 54.45, 72.46
1103082, 1.29, 180.40, 232.72, 55.25, 73.49
1119082, 1.29, 180.30, 231.87, 56.06, 74.53
1135081, 1.29, 180.30, 231.87, 56.86, 75.56
1151081, 1.29, 180.30, 232.59, 57.66, 76.59
1167081, 1.29, 180.30, 231.87, 58.46, 77.62
1183081, 1.29, 180.30, 231.87, 59.26, 78.65
1199081, 1.29, 180.30, 231.87, 60.06, 79.68
1215081, 1.29, 180.30, 231.87, 60.86, 80.71
1231081, 1.29, 180.40, 232.00, 61.67, 81.74
1247081, 1.28, 180.30, 231.15, 62.47, 82.77
1263082, 1.28, 180.30, 231.15, 63.27, 83.80
1279081, 1.28, 180.40, 231.28, 64.07, 84.82
1295081, 1.28, 180.40, 230.56, 64.87, 85.85
1311081, 1.28, 180.30, 230.43, 65.67, 86.88
1327081, 1.28, 180.30, 230.43, 66.48, 87.90
1343081, 1.28, 180.30, 230.43, 67.28, 88.92
1359082, 1.27, 180.40, 229.84, 68.08, 89.95
1375081, 1.27, 180.40, 229.84, 68.88, 90.97
1391081, 1.27, 180.40, 229.84, 69.68, 91.99
1407081, 1.27, 180.30, 229.71, 70.48, 93.01
1423081, 1.27, 180.40, 229.84, 71.28, 94.03
1439081, 1.27, 180.30, 229.71, 72.09, 95.06
1455082, 1.27, 180.40, 229.12, 72.89, 96.07
1471081, 1.27, 180.30, 228.99, 73.69, 97.09
1487081, 1.27, 180.30, 228.99, 74.49, 98.11
1503081, 1.27, 180.40, 229.12, 75.29, 99.13
1519082, 1.27, 180.30, 228.27, 76.09, 100.15
1535081, 1.27, 180.30, 228.27, 76.90, 101.16
1551081, 1.27, 180.30, 228.99, 77.70, 102.18
1567082, 1.27, 180.30, 228.27, 78.50, 103.19
1583081, 1.27, 180.30, 228.27, 79.30, 104.21
1599081, 1.27, 180.30, 228.26, 80.10, 105.22
1615081, 1.27, 180.40, 228.39, 80.90, 106.24
1631082, 1.26, 180.30, 227.54, 81.70, 107.25
1647081, 1.26, 180.30, 227.55, 82.51, 108.26
1663081, 1.26, 180.40, 227.67, 83.31, 109.27
1679081, 1.26, 180.30, 227.54, 84.11, 110.29
1695082, 1.26, 180.30, 227.55, 84.91, 111.30
1711081, 1.26, 180.30, 227.54, 85.71, 112.31
1727082, 1.26, 180.40, 226.95, 86.51, 113.32
1743081, 1.26, 180.40, 226.95, 87.31, 114.32
1759081, 1.26, 180.30, 226.82, 88.12, 115.33
1775081, 1.26, 180.40, 226.95, 88.92, 116.34
1791082, 1.26, 180.30, 226.82, 89.72, 117.35
1807081, 1.25, 180.40, 226.23, 90.52, 118.36
1823081, 1.25, 180.30, 226.10, 91.32, 119.36
1839082, 1.25, 180.40, 226.23, 92.12, 120.37
1855081, 1.25, 180.30, 226.10, 92.93, 121.38
1871081, 1.25, 180.30, 226.10, 93.73, 122.38
1887082, 1.25, 180.20, 225.98, 94.53, 123.39
1903081, 1.25, 180.20, 225.98, 95.33, 124.39
1919082, 1.25, 180.30, 225.38, 96.13, 125.39
1935081, 1.25, 180.30, 225.38, 96.93, 126.40
1951081, 1.25, 180.30, 225.38, 97.73, 127.40
1967081, 1.25, 180.40, 225.51, 98.54, 128.40
1983081, 1.25, 180.40, 225.51, 99.34, 129.41
1999081, 1.25, 180.40, 225.51, 100.14, 130.41
2015081, 1.25, 180.30, 224.66, 100.94, 131.41
2031081, 1.25, 180.30, 225.38, 101.74, 132.41
2047081, 1.25, 180.30, 224.66, 102.54, 133.41
2063081, 1.25, 180.30, 224.66, 103.34, 134.41
2079081, 1.25, 180.30, 224.66, 104.15, 135.41
2095081, 1.25, 180.30, 224.66, 104.95, 136.41
2111081, 1.25, 180.20, 224.53, 105.75, 137.40
2127081, 1.25, 180.40, 224.78, 106.55, 138.40
2143082, 1.25, 180.40, 224.78, 107.35, 139.40
2159081, 1.24, 180.30, 223.94, 108.15, 140.40
2175082, 1.24, 180.30, 223.94, 108.95, 141.40
2191081, 1.24, 180.30, 223.94, 109.76, 142.39
2207081, 1.24, 180.30, 223.94, 110.56, 143.39
2223082, 1.24, 180.20, 223.81, 111.36, 144.38
2239081, 1.24, 180.20, 223.81, 112.16, 145.38
2255081, 1.24, 180.30, 223.94, 112.96, 146.37
2271081, 1.24, 180.30, 223.22, 113.76, 147.37
2287081, 1.24, 180.30, 223.94, 114.56, 148.36
2303081, 1.24, 180.30, 223.22, 115.37, 149.36
2319081, 1.24, 180.30, 223.94, 116.17, 150.35
2335081, 1.24, 180.30, 223.22, 116.97, 151.34
2351081, 1.24, 180.30, 223.22, 117.77, 152.33
2367081, 1.24, 180.30, 223.22, 118.57, 153.33
2383081, 1.24, 180.40, 223.34, 119.37, 154.32
2399081, 1.24, 180.30, 223.22, 120.17, 155.31
2415082, 1.24, 180.30, 223.22, 120.98, 156.30
2431081, 1.23, 180.20, 222.37, 121.78, 157.29
2447081, 1.23, 180.30, 222.50, 122.58, 158.28
2463081, 1.23, 180.30, 222.49, 123.38, 159.27
2479081, 1.23, 180.30, 222.50, 124.18, 160.26
2495082, 1.23, 180.30, 222.49, 124.98, 161.25
2511081, 1.23, 180.40, 222.62, 125.78, 162.24
2527081, 1.23, 180.30, 222.50, 126.59, 163.22
2543081, 1.23, 180.30, 222.50, 127.39, 164.21
2559081, 1.23, 180.40, 222.62, 128.19, 165.20
2575081, 1.23, 180.40, 222.62, 128.99, 166.19
2591081, 1.23, 180.30, 221.77, 129.79, 167.18
2607082, 1.23, 180.30, 221.77, 130.59, 168.16
2623082, 1.23, 180.30, 221.77, 131.39, 169.15
2639081, 1.23, 180.30, 221.77, 132.20, 170.14
2655081, 1.23, 180.30, 221.77, 133.00, 171.12
2671081, 1.23, 180.30, 221.77, 133.80, 172.11
2687081, 1.23, 180.30, 221.77, 134.60, 173.09
2703081, 1.23, 180.40, 221.90, 135.40, 174.08
2719081, 1.23, 180.20, 221.65, 136.20, 175.06
2735081, 1.23, 180.20, 221.65, 137.00, 176.05
2751081, 1.23, 180.30, 221.05, 137.80, 177.03
2767082, 1.23, 180.30, 221.05, 138.61, 178.02
2783081, 1.23, 180.30, 221.05, 139.41, 179.00
2799081, 1.23, 180.30, 221.06, 140.21, 179.98
2815081, 1.23, 180.30, 221.05, 141.01, 180.97
2831081, 1.23, 180.30, 221.05, 141.81, 181.95
2847082, 1.23, 180.30, 221.06, 142.61, 182.93
2863081, 1.23, 180.30, 221.05, 143.41, 183.91
2879081, 1.23, 180.20, 220.93, 144.21, 184.90
2895081, 1.23, 180.30, 221.05, 145.02, 185.88
2911081, 1.23, 180.30, 221.05, 145.82, 186.86
2927081, 1.22, 180.30, 220.33, 146.62, 187.84
2943081, 1.23, 180.30, 221.05, 147.42, 188.82
2959081, 1.22, 180.20, 220.21, 148.22, 189.81
2975081, 1.22, 180.30, 220.33, 149.02, 190.79
2991082, 1.22, 180.30, 220.33, 149.82, 191.77
3007081, 1.23, 180.30, 221.05, 150.63, 192.75
3023081, 1.23, 180.30, 221.05, 151.43, 193.73
3039081, 1.22, 180.40, 220.45, 152.23, 194.71
3055081, 1.22, 180.40, 220.45, 153.03, 195.69
3071082, 1.22, 180.30, 220.33, 153.83, 196.67
3087081, 1.22, 180.30, 220.33, 154.63, 197.64
3103081, 1.22, 180.30, 220.33, 155.43, 198.62
3119081, 1.22, 180.40, 220.46, 156.23, 199.60
3135081, 1.22, 180.40, 220.45, 157.04, 200.58
3151081, 1.22, 180.40, 220.45, 157.84, 201.56
3167081, 1.22, 180.40, 220.46, 158.64, 202.54
3183081, 1.22, 180.40, 220.46, 159.44, 203.52
3199081, 1.22, 180.40, 220.46, 160.24, 204.50
3215081, 1.22, 180.30, 219.61, 161.04, 205.48
3231081, 1.22, 180.30, 220.33, 161.85, 206.46
3247081, 1.22, 180.30, 220.33, 162.65, 207.43
3263081, 1.22, 180.30, 220.33, 163.45, 208.41
3279081, 1.22, 180.40, 220.45, 164.25, 209.39
3295081, 1.22, 180.30, 219.61, 165.05, 210.36
3311081, 1.22, 180.40, 219.73, 165.85, 211.34
3327081, 1.22, 180.40, 219.73, 166.65, 212.31
3343081, 1.22, 180.30, 219.61, 167.46, 213.29
3359081, 1.22, 180.30, 219.61, 168.26, 214.27
3375081, 1.22, 180.30, 219.61, 169.06, 215.24
3391081, 1.22, 180.20, 219.49, 169.86, 216.22
3407082, 1.22, 180.30, 219.61, 170.66, 217.20
3423081, 1.21, 180.30, 218.89, 171.46, 218.17
3439081, 1.22, 180.30, 219.61, 172.26, 219.15
3455081, 1.22, 180.30, 219.61, 173.07, 220.12
3471081, 1.21, 180.40, 219.01, 173.87, 221.10
3487082, 1.22, 180.40, 219.73, 174.67, 222.07
3503081, 1.22, 180.40, 219.73, 175.47, 223.05
3519082, 1.22, 180.40, 219.73, 176.27, 224.02
3535081, 1.22, 180.40, 219.73, 177.07, 225.00
3551081, 1.21, 180.40, 219.01, 177.88, 225.97
3567081, 1.21, 180.40, 219.01, 178.68, 226.95
3583081, 1.21, 180.40, 219.01, 179.48, 227.92
3599081, 1.22, 180.40, 219.73, 180.28, 228.89
3615082, 1.22, 180.40, 219.73, 181.08, 229.87
3631081, 1.21, 180.30, 218.89, 181.88, 230.84
3647081, 1.21, 180.30, 218.89, 182.69, 231.81
3663081, 1.21, 180.40, 219.01, 183.49, 232.79
3679082, 1.21, 180.30, 218.89, 184.29, 233.76
3695082, 1.21, 180.40, 219.01, 185.09, 234.73
3711081, 1.21, 180.40, 219.01, 185.89, 235.71
3727081, 1.21, 180.40, 219.01, 186.69, 236.68
3743081, 1.21, 180.30, 218.89, 187.50, 237.65
3759081, 1.21, 180.30, 218.89, 188.30, 238.63
3775081, 1.21, 180.30, 218.89, 189.10, 239.60
3791081, 1.21, 180.30, 218.89, 189.90, 240.57
3807081, 1.21, 180.20, 218.77, 190.70, 241.54
3823082, 1.21, 180.30, 218.89, 191.50, 242.52
3839081, 1.21, 180.30, 218.89, 192.30, 243.49
3855081, 1.21, 180.40, 219.01, 193.11, 244.46
3871081, 1.21, 180.30, 218.89, 193.91, 245.44
3887082, 1.21, 180.40, 219.01, 194.71, 246.41
3903081, 1.21, 180.40, 218.29, 195.51, 247.38
3919081, 1.21, 180.30, 218.89, 196.31, 248.35
3935081, 1.21, 180.30, 218.17, 197.11, 249.32
3951081, 1.21, 180.30, 218.89, 197.91, 250.29
3967081, 1.21, 180.20, 218.05, 198.72, 251.27
3983081, 1.21, 180.30, 218.17, 199.52, 252.24
3999082, 1.21, 180.30, 218.89, 200.32, 253.21
4015081, 1.21, 180.30, 218.17, 201.12, 254.18
4031081, 1.21, 180.30, 218.89, 201.92, 255.15
4047082, 1.21, 180.30, 218.89, 202.72, 256.12
4063081, 1.21, 180.30, 218.17, 203.52, 257.09
4079081, 1.21, 180.40, 218.29, 204.33, 258.06
4095081, 1.21, 180.40, 218.29, 205.13, 259.03
4111081, 1.21, 180.30, 218.17, 205.93, 260.00
4127081, 1.21, 180.30, 218.89, 206.73, 260.98
4143081, 1.21, 180.30, 218.17, 207.53, 261.95
4159082, 1.21, 180.30, 218.17, 208.33, 262.91
4175082, 1.21, 180.30, 218.17, 209.13, 263.88
4191081, 1.21, 180.40, 219.01, 209.94, 264.85
4207081, 1.21, 180.30, 218.89, 210.74, 265.83
4223081, 1.21, 180.30, 218.17, 211.54, 266.80
4239081, 1.21, 180.40, 218.29, 212.34, 267.77
4255081, 1.21, 180.40, 218.29, 213.14, 268.73
4271082, 1.21, 180.30, 218.17, 213.94, 269.70
4287081, 1.21, 180.40, 218.29, 214.74, 270.67
4303081, 1.21, 180.30, 218.17, 215.55, 271.64
4319082, 1.21, 180.30, 218.17, 216.35, 272.61
4335081, 1.21, 180.30, 218.17, 217.15, 273.58
4351082, 1.21, 180.30, 218.17, 217.95, 274.55
4367081, 1.21, 180.30, 218.17, 218.75, 275.52
4383081, 1.21, 180.30, 218.17, 219.55, 276.49
4399081, 1.21, 180.30, 218.17, 220.35, 277.46
4415081, 1.21, 180.30, 218.17, 221.15, 278.43
4431081, 1.21, 180.30, 218.17, 221.96, 279.40
4447081, 1.21, 180.30, 218.17, 222.76, 280.37
4463081, 1.21, 180.30, 218.17, 223.56, 281.34
4479081, 1.21, 180.30, 217.45, 224.36, 282.31
4495081, 1.21, 180.30, 218.17, 225.16, 283.28
4511081, 1.21, 180.30, 217.45, 225.96, 284.25
4527081, 1.21, 180.30, 218.17, 226.76, 285.22
4543081, 1.21, 180.30, 217.45, 227.57, 286.19
4559082, 1.21, 180.30, 218.17, 228.37, 287.16
4575082, 1.21, 180.30, 218.17, 229.17, 288.13
4591081, 1.21, 180.30, 218.17, 229.97, 289.09
4607081, 1.21, 180.30, 218.17, 230.77, 290.06
4623081, 1.21, 180.30, 218.17, 231.57, 291.03
4639082, 1.21, 180.30, 217.45, 232.37, 292.00
4655082, 1.21, 180.40, 217.57, 233.18, 292.97
4671081, 1.21, 180.30, 217.45, 233.98, 293.94
4687082, 1.21, 180.20, 218.05, 234.78, 294.91
4703081, 1.21, 180.30, 218.17, 235.58, 295.87
4719081, 1.21, 180.30, 218.17, 236.38, 296.84
4735081, 1.21, 180.30, 217.45, 237.18, 297.81
4751082, 1.21, 180.40, 217.57, 237.98, 298.78
4767081, 1.21, 180.30, 218.17, 238.79, 299.75
4783081, 1.21, 180.40, 217.57, 239.59, 300.71
4799082, 1.21, 180.20, 217.33, 240.39, 301.68
4815081, 1.21, 180.40, 217.57, 241.19, 302.65
4831081, 1.21, 180.30, 217.45, 241.99, 303.61
4847081, 1.21, 180.30, 217.45, 242.79, 304.58
4863082, 1.21, 180.30, 217.45, 243.59, 305.55
4879081, 1.21, 180.30, 217.45, 244.40, 306.52
4895081, 1.21, 180.40, 217.57, 245.20, 307.48
4911081, 1.21, 180.40, 217.57, 246.00, 308.45
4927081, 1.21, 180.30, 217.45, 246.80, 309.42
4943081, 1.21, 180.40, 217.57, 247.60, 310.39
4959081, 1.21, 180.40, 217.57, 248.41, 311.35
4975081, 1.21, 180.30, 217.45, 249.21, 312.32
4991081, 1.21, 180.40, 217.57, 250.01, 313.29
5007081, 1.21, 180.40, 217.57, 250.81, 314.25
5023081, 1.21, 180.40, 217.57, 251.61, 315.22
5039081, 1.21, 180.40, 217.57, 252.41, 316.19
5055081, 1.21, 180.40, 217.57, 253.21, 317.15
5071081, 1.21, 180.40, 217.57, 254.02, 318.12
5087081, 1.21, 180.30, 217.45, 254.82, 319.09
5103081, 1.21, 180.50, 217.69, 255.62, 320.05
5119081, 1.21, 180.40, 217.57, 256.42, 321.02
5135081, 1.21, 180.30, 217.45, 257.22, 321.99
5151081, 1.21, 180.30, 217.45, 258.03, 322.95
5167081, 1.21, 180.40, 217.57, 258.83, 323.92
5183082, 1.21, 180.30, 217.45, 259.63, 324.89
5199081, 1.21, 180.30, 217.45, 260.43, 325.85
5215081, 1.21, 180.40, 217.57, 261.23, 326.82
5231081, 1.21, 180.40, 217.57, 262.03, 327.79
5247081, 1.21, 180.30, 217.45, 262.83, 328.75
5263081, 1.21, 180.40, 217.57, 263.64, 329.72
5279082, 1.21, 180.30, 217.45, 264.44, 330.69
5295081, 1.21, 180.30, 217.45, 265.24, 331.65
5311081, 1.21, 180.30, 217.45, 266.04, 332.62
5327082, 1.21, 180.40, 217.57, 266.84, 333.59
5343081, 1.21, 180.30, 217.45, 267.64, 334.55
5359081, 1.21, 180.40, 217.57, 268.44, 335.52
5375081, 1.21, 180.30, 217.45, 269.25, 336.48
5391081, 1.21, 180.30, 217.45, 270.05, 337.45
5407081, 1.20, 180.30, 216.73, 270.85, 338.42
5423081, 1.21, 180.40, 217.57, 271.65, 339.38
5439082, 1.21, 180.30, 217.45, 272.45, 340.35
5455081, 1.21, 180.40, 217.57, 273.25, 341.32
5471081, 1.21, 180.40, 217.57, 274.05, 342.28
5487081, 1.21, 180.40, 217.57, 274.86, 343.25
5503081, 1.21, 180.30, 217.45, 275.66, 344.22
5519081, 1.21, 180.30, 217.45, 276.46, 345.18
5535081, 1.21, 180.30, 217.45, 277.26, 346.15
5551082, 1.21, 180.30, 217.45, 278.06, 347.12
5567081, 1.21, 180.30, 217.45, 278.86, 348.08
5583081, 1.21, 180.30, 217.45, 279.66, 349.05
5599081, 1.21, 180.40, 217.57, 280.47, 350.01
5615081, 1.21, 180.30, 217.45, 281.27, 350.98
5631081, 1.21, 180.30, 217.45, 282.07, 351.95
5647081, 1.21, 180.30, 217.45, 282.87, 352.91
5663081, 1.21, 180.30, 217.45, 283.67, 353.88
5679081, 1.21, 180.30, 217.45, 284.47, 354.85
5695081, 1.21, 180.30, 217.45, 285.28, 355.81
5711081, 1.21, 180.30, 217.45, 286.08, 356.78
5727082, 1.21, 180.30, 217.45, 286.88, 357.74
5743081, 1.21, 180.30, 217.45, 287.68, 358.71
5759081, 1.21, 180.30, 217.45, 288.48, 359.68
5775081, 1.20, 180.30, 216.73, 289.28, 360.64
5791081, 1.21, 180.30, 217.45, 290.08, 361.61
5807082, 1.21, 180.20, 217.33, 290.89, 362.57
5823081, 1.20, 180.40, 216.85, 291.69, 363.54
5839082, 1.21, 180.40, 217.57, 292.49, 364.51
5855082, 1.21, 180.40, 217.57, 293.29, 365.47
5871081, 1.20, 180.30, 216.73, 294.09, 366.44
5887081, 1.21, 180.30, 217.45, 294.89, 367.40
5903081, 1.21, 180.30, 217.45, 295.69, 368.37
5919081, 1.20, 180.30, 216.73, 296.50, 369.33
5935081, 1.21, 180.30, 217.45, 297.30, 370.30
5951081, 1.20, 180.30, 216.72, 298.10, 371.26
5967081, 1.20, 180.40, 216.85, 298.90, 372.23
5983081, 1.20, 180.40, 216.85, 299.70, 373.19
5999082, 1.21, 180.30, 217.45, 300.50, 374.16
6015081, 1.20, 180.30, 216.73, 301.30, 375.13
6031081, 1.21, 180.40, 217.57, 302.11, 376.09
6047081, 1.20, 180.30, 216.73, 302.91, 377.06
6063081, 1.21, 180.40, 217.57, 303.71, 378.02
6079081, 1.20, 180.40, 216.85, 304.51, 378.99
6095081, 1.20, 180.30, 216.73, 305.31, 379.95
6111081, 1.20, 180.30, 216.73, 306.11, 380.92
6127081, 1.21, 180.30, 217.45, 306.91, 381.88
6143081, 1.21, 180.30, 217.45, 307.72, 382.84
6159081, 1.20, 180.40, 216.85, 308.52, 383.81
6175081, 1.20, 180.40, 216.85, 309.32, 384.77
6191081, 1.20, 180.30, 216.73, 310.12, 385.74
6207081, 1.20, 180.30, 216.73, 310.92, 386.70
6223081, 1.21, 180.30, 217.45, 311.72, 387.67
6239082, 1.20, 180.30, 216.73, 312.52, 388.63
6255082, 1.20, 180.40, 216.85, 313.33, 389.60
6271081, 1.20, 180.30, 216.73, 314.13, 390.56
6287081, 1.20, 180.30, 216.73, 314.93, 391.53
6303081, 1.20, 180.30, 216.73, 315.73, 392.49
6319081, 1.21, 180.30, 217.45, 316.53, 393.45
6335081, 1.20, 180.30, 216.73, 317.33, 394.42
6351081, 1.21, 180.40, 217.57, 318.13, 395.38
6367081, 1.21, 180.40, 217.57, 318.94, 396.35
6383081, 1.20, 180.30, 216.73, 319.74, 397.31
6399082, 1.21, 180.30, 217.45, 320.54, 398.28
6415081, 1.20, 180.30, 216.73, 321.34, 399.24
6431081, 1.20, 180.30, 216.72, 322.14, 400.20
6447081, 1.20, 180.30, 216.73, 322.94, 401.17
6463081, 1.21, 180.30, 217.45, 323.74, 402.13
6479081, 1.20, 180.30, 216.73, 324.54, 403.09
6495081, 1.20, 180.30, 216.73, 325.35, 404.06
6511081, 1.20, 180.30, 216.73, 326.15, 405.02
6527081, 1.20, 180.30, 216.73, 326.95, 405.99
6543081, 1.20, 180.30, 216.73, 327.75, 406.95
6559081, 1.20, 180.30, 216.73, 328.55, 407.91
6575081, 1.20, 180.30, 216.73, 329.35, 408.88
6591082, 1.20, 180.30, 216.73, 330.15, 409.84
6607081, 1.20, 180.30, 216.73, 330.95, 410.80
6623082, 1.20, 180.30, 216.72, 331.76, 411.77
6639081, 1.20, 180.20, 216.61, 332.56, 412.73
6655081, 1.20, 180.30, 216.73, 333.36, 413.69
6671081, 1.20, 180.30, 216.73, 334.16, 414.66
6687081, 1.20, 180.30, 216.73, 334.96, 415.62
6703081, 1.20, 180.30, 216.73, 335.76, 416.58
6719081, 1.20, 180.30, 216.72, 336.56, 417.55
6735081, 1.20, 180.40, 216.85, 337.37, 418.51
6751081, 1.20, 180.40, 216.85, 338.17, 419.48
6767081, 1.20, 180.30, 216.73, 338.97, 420.44
6783081, 1.20, 180.30, 216.73, 339.77, 421.40
6799081, 1.20, 180.40, 216.85, 340.57, 422.37
6815081, 1.20, 180.40, 216.85, 341.37, 423.33
6831081, 1.20, 180.30, 216.73, 342.17, 424.29
6847081, 1.20, 180.30, 216.73, 342.98, 425.26
6863082, 1.20, 180.30, 216.73, 343.78, 426.22
6879081, 1.20, 180.40, 216.85, 344.58, 427.19
6895081, 1.21, 180.30, 217.45, 345.38, 428.15
6911081, 1.20, 180.40, 216.85, 346.18, 429.11
6927081, 1.20, 180.30, 216.73, 346.98, 430.08
6943082, 1.20, 180.30, 216.73, 347.79, 431.04
6959081, 1.20, 180.40, 216.85, 348.59, 432.00
6975082, 1.20, 180.30, 216.73, 349.39, 432.97
6991081, 1.20, 180.40, 216.85, 350.19, 433.93
7007081, 1.20, 180.30, 216.73, 350.99, 434.89
7023081, 1.20, 180.40, 216.85, 351.79, 435.86
7039081, 1.20, 180.40, 216.85, 352.59, 436.82
7055081, 1.20, 180.40, 216.85, 353.40, 437.78
7071082, 1.20, 180.30, 216.73, 354.20, 438.75
7087081, 1.20, 180.30, 216.72, 355.00, 439.71
7103082, 1.20, 180.30, 216.73, 355.80, 440.68
7119081, 1.20, 180.40, 216.85, 356.60, 441.64
7135081, 1.20, 180.30, 216.73, 357.40, 442.60
7151082, 1.20, 180.40, 216.85, 358.21, 443.57
7167081, 1.20, 180.40, 216.85, 359.01, 444.53
7183081, 1.20, 180.30, 216.73, 359.81, 445.49
7199081, 1.20, 180.30, 216.73, 360.61, 446.46
7215081, 1.20, 180.30, 216.73, 361.41, 447.42
7231081, 1.20, 180.40, 216.85, 362.21, 448.38
7247081, 1.20, 180.30, 216.73, 363.01, 449.35
7263081, 1.20, 180.40, 216.84, 363.82, 450.31
7279081, 1.20, 180.30, 216.72, 364.62, 451.27
7295081, 1.20, 180.30, 216.73, 365.42, 452.24
7311081, 1.20, 180.30, 216.73, 366.22, 453.20
7327081, 1.20, 180.40, 216.85, 367.02, 454.16
7343081, 1.20, 180.30, 216.73, 367.82, 455.12
7359081, 1.20, 180.40, 216.85, 368.62, 456.09
7375081, 1.20, 180.40, 216.85, 369.43, 457.05
7391081, 1.20, 180.40, 216.12, 370.23, 458.01
7407081, 1.20, 180.30, 216.73, 371.03, 458.98
7423081, 1.20, 180.30, 216.73, 371.83, 459.94
7439082, 1.20, 180.40, 216.84, 372.63, 460.90
7455081, 1.20, 180.40, 216.85, 373.43, 461.87
7471082, 1.20, 180.40, 216.85, 374.24, 462.83
7487081, 1.20, 180.30, 216.73, 375.04, 463.79
7503081, 1.20, 180.30, 216.73, 375.84, 464.75
7519081, 1.20, 180.30, 216.73, 376.64, 465.72
7535081, 1.20, 180.40, 216.84, 377.44, 466.68
7551081, 1.20, 180.30, 216.73, 378.24, 467.64
7567081, 1.20, 180.30, 216.01, 379.04, 468.60
7583081, 1.20, 180.30, 216.01, 379.85, 469.57
7599081, 1.20, 180.30, 216.73, 380.65, 470.53
7615081, 1.20, 180.40, 216.85, 381.45, 471.49
7631081, 1.20, 180.30, 216.00, 382.25, 472.45
7647081, 1.20, 180.40, 216.85, 383.05, 473.41
7663081, 1.20, 180.30, 216.00, 383.85, 474.38
7679081, 1.20, 180.40, 216.84, 384.65, 475.34
7695081, 1.20, 180.30, 216.00, 385.46, 476.30
7711081, 1.20, 180.30, 216.01, 386.26, 477.26
7727081, 1.20, 180.40, 216.85, 387.06, 478.22
7743081, 1.20, 180.30, 216.73, 387.86, 479.19
7759081, 1.20, 180.30, 216.73, 388.66, 480.15
7775081, 1.20, 180.40, 216.12, 389.46, 481.11
7791081, 1.20, 180.30, 216.01, 390.26, 482.07
7807082, 1.20, 180.40, 216.13, 391.07, 483.03
7823081, 1.20, 180.30, 216.72, 391.87, 483.99
7839081, 1.20, 180.30, 216.00, 392.67, 484.95
7855081, 1.20, 180.30, 216.00, 393.47, 485.92
7871081, 1.20, 180.30, 216.73, 394.27, 486.88
7887082, 1.20, 180.30, 216.00, 395.07, 487.84
7903081, 1.20, 180.30, 216.00, 395.87, 488.80
7919081, 1.20, 180.40, 216.12, 396.68, 489.76
7935081, 1.20, 180.30, 216.00, 397.48, 490.72
7951081, 1.20, 180.30, 216.00, 398.28, 491.68
7967082, 1.20, 180.30, 216.00, 399.08, 492.64
7983082, 1.20, 180.30, 216.00, 399.88, 493.60
7999081, 1.20, 180.40, 216.12, 400.68, 494.56
8015081, 1.20, 180.40, 216.12, 401.48, 495.53
8031081, 1.20, 180.40, 216.85, 402.29, 496.49
8047081, 1.20, 180.40, 216.13, 403.09, 497.45
8063081, 1.20, 180.40, 216.12, 403.89, 498.41
8079081, 1.20, 180.30, 216.00, 404.69, 499.37
8095082, 1.20, 180.40, 216.13, 405.49, 500.33
8111081, 1.20, 180.40, 216.13, 406.29, 501.29
8127081, 1.20, 180.30, 216.00, 407.09, 502.25
8143081, 1.20, 180.30, 216.73, 407.90, 503.21
8159081, 1.20, 180.30, 216.00, 408.70, 504.17
8175082, 1.20, 180.30, 216.00, 409.50, 505.13
8191081, 1.20, 180.30, 216.00, 410.30, 506.09
8207081, 1.20, 180.30, 216.00, 411.10, 507.05
8223082, 1.20, 180.40, 216.12, 411.90, 508.01
8239081, 1.20, 180.30, 216.00, 412.70, 508.97
8255081, 1.20, 180.40, 216.12, 413.51, 509.93
8271081, 1.20, 180.30, 216.00, 414.31, 510.89
8287081, 1.20, 180.40, 216.12, 415.11, 511.85
8303081, 1.20, 180.30, 216.01, 415.91, 512.81
8319081, 1.20, 180.30, 216.01, 416.71, 513.77
8335081, 1.20, 180.20, 215.89, 417.51, 514.73
8351081, 1.20, 180.30, 216.00, 418.31, 515.69
8367081, 1.20, 180.40, 216.13, 419.12, 516.65
8383081, 1.20, 180.30, 216.00, 419.92, 517.61
8399081, 1.20, 180.30, 216.00, 420.72, 518.57
8415081, 1.20, 180.30, 216.00, 421.52, 519.53
8431081, 1.20, 180.30, 216.00, 422.32, 520.49
8447082, 1.20, 180.40, 216.13, 423.12, 521.45
8463081, 1.20, 180.30, 216.72, 423.92, 522.41
8479081, 1.20, 180.30, 216.00, 424.73, 523.37
8495081, 1.20, 180.30, 216.00, 425.53, 524.33
8511081, 1.20, 180.30, 216.00, 426.33, 525.29
8527081, 1.20, 180.30, 216.00, 427.13, 526.25
8543081, 1.20, 180.40, 216.12, 427.93, 527.21
8559082, 1.20, 180.30, 216.00, 428.73, 528.17
8575081, 1.20, 180.30, 216.00, 429.53, 529.13
8591081, 1.20, 180.40, 216.12, 430.33, 530.09
8607081, 1.20, 180.30, 216.00, 431.14, 531.05
8623082, 1.20, 180.30, 216.01, 431.94, 532.01
8639081, 1.20, 180.30, 216.00, 432.74, 532.97
8655081, 1.20, 180.40, 216.12, 433.54, 533.93
8671081, 1.20, 180.50, 216.25, 434.34, 534.89
8687081, 1.20, 180.40, 216.13, 435.14, 535.85
8703081, 1.20, 180.40, 216.13, 435.94, 536.82
8719081, 1.20, 180.30, 216.01, 436.75, 537.78
8735081, 1.20, 180.40, 216.12, 437.55, 538.74
8751081, 1.20, 180.30, 216.01, 438.35, 539.70
8767081, 1.20, 180.30, 216.00, 439.15, 540.66
8783081, 1.20, 180.40, 216.12, 439.95, 541.62
8799081, 1.20, 180.40, 216.13, 440.75, 542.58
8815082, 1.20, 180.30, 216.00, 441.56, 543.54
8831081, 1.20, 180.30, 216.00, 442.36, 544.50
8847081, 1.20, 180.40, 216.12, 443.16, 545.46
8863081, 1.19, 180.30, 215.28, 443.96, 546.42
8879081, 1.20, 180.40, 216.13, 444.76, 547.38
8895081, 1.19, 180.30, 215.28, 445.56, 548.34
8911081, 1.20, 180.30, 216.00, 446.37, 549.30
8927082, 1.19, 180.30, 215.28, 447.17, 550.26
8943081, 1.19, 180.40, 215.40, 447.97, 551.22
8959081, 1.20, 180.30, 216.00, 448.77, 552.18
8975081, 1.20, 180.40, 216.12, 449.57, 553.14
8991081, 1.20, 180.30, 216.00, 450.37, 554.10
9007081, 1.20, 180.30, 216.00, 451.17, 555.06
9023081, 1.19, 180.30, 215.28, 451.98, 556.01
9039081, 1.19, 180.40, 215.40, 452.78, 556.97
9055081, 1.20, 180.30, 216.01, 453.58, 557.93
9071081, 1.19, 180.40, 215.40, 454.38, 558.89
9087081, 1.20, 180.40, 216.12, 455.18, 559.85
9103081, 1.20, 180.30, 216.00, 455.98, 560.81
9119081, 1.20, 180.30, 216.00, 456.79, 561.77
9135081, 1.19, 180.40, 215.40, 457.59, 562.73
9151081, 1.19, 180.30, 215.28, 458.39, 563.69
9167081, 1.19, 180.30, 215.28, 459.19, 564.65
9183081, 1.20, 180.30, 216.01, 459.99, 565.60
9199081, 1.20, 180.40, 216.12, 460.79, 566.56
9215082, 1.20, 180.40, 216.13, 461.60, 567.52
9231082, 1.19, 180.40, 215.40, 462.40, 568.48
9247082, 1.20, 180.40, 216.13, 463.20, 569.44
9263082, 1.19, 180.30, 215.29, 464.00, 570.40
9279081, 1.19, 180.40, 215.40, 464.80, 571.35
9295081, 1.19, 180.50, 215.52, 465.60, 572.31
9311081, 1.19, 180.40, 215.40, 466.41, 573.27
9327082, 1.19, 180.40, 215.40, 467.21, 574.23
9343081, 1.19, 180.30, 215.28, 468.01, 575.19
9359081, 1.19, 180.40, 215.40, 468.81, 576.14
9375082, 1.20, 180.30, 216.01, 469.61, 577.10
9391081, 1.19, 180.30, 215.28, 470.41, 578.06
9407081, 1.19, 180.30, 215.29, 471.21, 579.02
9423082, 1.19, 180.40, 215.40, 472.02, 579.97
9439081, 1.20, 180.40, 216.12, 472.82, 580.93
9455081, 1.19, 180.40, 215.40, 473.62, 581.89
9471081, 1.19, 180.30, 215.28, 474.42, 582.84
9487082, 1.19, 180.30, 215.29, 475.22, 583.80
9503081, 1.20, 180.40, 216.13, 476.02, 584.76
9519082, 1.19, 180.30, 215.29, 476.83, 585.72
9535081, 1.19, 180.30, 215.29, 477.63, 586.67
9551081, 1.19, 180.40, 215.40, 478.43, 587.63
9567082, 1.20, 180.30, 216.01, 479.23, 588.59
9583081, 1.19, 180.30, 215.28, 480.03, 589.55
9599081, 1.19, 180.30, 215.28, 480.83, 590.50
9615082, 1.19, 180.30, 215.28, 481.63, 591.46
9631082, 1.19, 180.40, 215.40, 482.44, 592.42
9647081, 1.19, 180.40, 215.40, 483.24, 593.37
9663081, 1.19, 180.40, 215.40, 484.04, 594.33
9679081, 1.19, 180.30, 215.28, 484.84, 595.29
9695081, 1.19, 180.30, 215.28, 485.64, 596.24
9711082, 1.19, 180.30, 215.28, 486.44, 597.20
9727081, 1.19, 180.30, 215.28, 487.25, 598.16
9743081, 1.19, 180.30, 215.28, 488.05, 599.12
9759081, 1.19, 180.40, 215.40, 488.85, 600.07
9775081, 1.19, 180.30, 215.29, 489.65, 601.03
9791081, 1.19, 180.30, 215.28, 490.45, 601.99
9807081, 1.19, 180.30, 215.29, 491.25, 602.94
9823081, 1.19, 180.30, 215.28, 492.05, 603.90
9839082, 1.19, 180.40, 215.40, 492.86, 604.86
9855081, 1.19, 180.30, 215.28, 493.66, 605.81
9871081, 1.19, 180.30, 215.29, 494.46, 606.77
9887082, 1.19, 180.30, 215.29, 495.26, 607.73
9903082, 1.19, 180.30, 215.28, 496.06, 608.69
9919082, 1.19, 180.40, 215.40, 496.86, 609.64
9935081, 1.19, 180.30, 215.28, 497.66, 610.60
9951081, 1.19, 180.30, 215.28, 498.47, 611.55
9967082, 1.19, 180.30, 215.28, 499.27, 612.51
9983082, 1.19, 180.30, 215.28, 500.07, 613.47
9999081, 1.19, 180.40, 215.40, 500.87, 614.42
10015081, 1.19, 180.30, 215.29, 501.67, 615.38
10031081, 1.19, 180.30, 214.56, 502.47, 616.34
10047082, 1.19, 180.40, 215.40, 503.27, 617.29
10063081, 1.19, 180.40, 215.40, 504.08, 618.25
10079081, 1.19, 180.20, 214.44, 504.88, 619.21
10095081, 1.19, 180.40, 214.68, 505.68, 620.16
10111081, 1.19, 180.30, 214.56, 506.48, 621.12
10127081, 1.19, 180.30, 215.28, 507.28, 622.07
10143081, 1.19, 180.40, 215.40, 508.08, 623.03
10159082, 1.19, 180.30, 215.28, 508.88, 623.99
10175081, 1.19, 180.20, 214.45, 509.69, 624.94
10191082, 1.19, 180.40, 214.68, 510.49, 625.90
10207081, 1.19, 180.40, 215.40, 511.29, 626.85
10223081, 1.19, 180.30, 214.56, 512.09, 627.81
10239081, 1.19, 180.40, 215.40, 512.89, 628.76
10255082, 1.19, 180.30, 215.28, 513.69, 629.72
10271081, 1.19, 180.30, 214.56, 514.49, 630.67
10287081, 1.19, 180.40, 214.68, 515.30, 631.63
10303081, 1.19, 180.30, 214.56, 516.10, 632.58
10319081, 1.19, 180.40, 214.68, 516.90, 633.54
10335082, 1.19, 180.30, 214.56, 517.70, 634.49
10351081, 1.19, 180.40, 214.68, 518.50, 635.44
10367081, 1.19, 180.30, 214.56, 519.30, 636.40
10383081, 1.19, 180.40, 214.68, 520.10, 637.35
10399082, 1.19, 180.30, 214.56, 520.91, 638.31
10415081, 1.19, 180.30, 214.56, 521.71, 639.26
10431081, 1.19, 180.30, 215.28, 522.51, 640.21
10447081, 1.19, 180.30, 215.28, 523.31, 641.17
10463081, 1.19, 180.30, 214.56, 524.11, 642.12
10479081, 1.19, 180.30, 214.56, 524.91, 643.08
10495081, 1.19, 180.40, 214.68, 525.72, 644.03
10511081, 1.19, 180.30, 214.56, 526.52, 644.98
10527081, 1.19, 180.30, 214.56, 527.32, 645.94
10543081, 1.19, 180.30, 214.56, 528.12, 646.89
10559082, 1.19, 180.30, 214.56, 528.92, 647.85
10575082, 1.19, 180.40, 214.68, 529.72, 648.80
10591081, 1.19, 180.30, 214.56, 530.52, 649.75
10607081, 1.19, 180.30, 214.56, 531.33, 650.71
10623082, 1.19, 180.30, 214.56, 532.13, 651.66
10639081, 1.19, 180.30, 214.56, 532.93, 652.62
10655081, 1.19, 180.40, 214.68, 533.73, 653.57
10671081, 1.19, 180.30, 214.56, 534.53, 654.52
10687082, 1.19, 180.40, 214.68, 535.33, 655.48
10703081, 1.19, 180.30, 214.56, 536.14, 656.43
10719081, 1.19, 180.40, 214.68, 536.94, 657.39
10735081, 1.19, 180.30, 214.56, 537.74, 658.34
10751081, 1.19, 180.30, 214.56, 538.54, 659.29
10767081, 1.19, 180.30, 214.56, 539.34, 660.25
10783082, 1.19, 180.40, 214.68, 540.14, 661.20
10799081, 1.19, 180.40, 214.68, 540.95, 662.15
10815082, 1.19, 180.30, 214.56, 541.75, 663.11
10831081, 1.19, 180.40, 214.68, 542.55, 664.06
10847081, 1.19, 180.30, 214.56, 543.35, 665.01
10863081, 1.19, 180.40, 214.68, 544.15, 665.97
10879081, 1.19, 180.40, 214.68, 544.95, 666.92
10895081, 1.19, 180.40, 214.68, 545.76, 667.88
10911081, 1.19, 180.40, 214.68, 546.56, 668.83
10927081, 1.19, 180.40, 213.96, 547.36, 669.78
10943081, 1.19, 180.40, 213.96, 548.16, 670.73
10959082, 1.19, 180.30, 214.56, 548.96, 671.69
10975081, 1.19, 180.30, 214.56, 549.76, 672.64
10991082, 1.19, 180.40, 214.68, 550.56, 673.59
11007081, 1.19, 180.30, 214.56, 551.37, 674.55
11023082, 1.19, 180.30, 213.84, 552.17, 675.50
11039081, 1.19, 180.30, 214.56, 552.97, 676.45
11055081, 1.19, 180.40, 213.96, 553.77, 677.40
11071082, 1.19, 180.30, 214.56, 554.57, 678.36
11087082, 1.19, 180.30, 213.84, 555.37, 679.31
11103081, 1.19, 180.40, 214.68, 556.18, 680.26
11119082, 1.19, 180.30, 214.56, 556.98, 681.21
11135081, 1.19, 180.30, 213.84, 557.78, 682.16
11151081, 1.19, 180.40, 213.96, 558.58, 683.12
11167081, 1.19, 180.40, 213.96, 559.38, 684.07
11183081, 1.19, 180.40, 213.96, 560.18, 685.02
11199081, 1.19, 180.30, 213.84, 560.98, 685.97
11215082, 1.19, 180.40, 213.96, 561.79, 686.92
11231081, 1.19, 180.30, 214.56, 562.59, 687.87
11247081, 1.19, 180.40, 213.96, 563.39, 688.82
11263081, 1.19, 180.20, 213.72, 564.19, 689.77
11279082, 1.19, 180.30, 213.84, 564.99, 690.72
11295081, 1.19, 180.40, 213.96, 565.79, 691.68
11311081, 1.19, 180.30, 213.84, 566.60, 692.63
11327081, 1.19, 180.30, 213.84, 567.40, 693.58
11343082, 1.19, 180.30, 213.84, 568.20, 694.53
11359081, 1.19, 180.30, 213.84, 569.00, 695.48
11375081, 1.19, 180.40, 213.96, 569.80, 696.43
11391081, 1.19, 180.30, 213.84, 570.60, 697.38
11407081, 1.19, 180.30, 213.84, 571.40, 698.33
11423081, 1.19, 180.40, 213.96, 572.21, 699.28
11439081, 1.19, 180.20, 213.72, 573.01, 700.23
11455082, 1.19, 180.40, 213.96, 573.81, 701.18
11471082, 1.19, 180.40, 213.96, 574.61, 702.13
11487081, 1.19, 180.30, 213.84, 575.41, 703.08
11503082, 1.19, 180.30, 213.84, 576.21, 704.03
11519081, 1.19, 180.40, 213.96, 577.01, 704.98
11535082, 1.19, 180.40, 213.96, 577.82, 705.93
11551081, 1.19, 180.40, 213.96, 578.62, 706.88
11567082, 1.19, 180.40, 213.96, 579.42, 707.84
11583081, 1.19, 180.30, 213.84, 580.22, 708.79
11599081, 1.19, 180.30, 213.84, 581.02, 709.74
11615082, 1.19, 180.30, 213.84, 581.82, 710.69
11631081, 1.19, 180.30, 213.84, 582.63, 711.64
11647081, 1.19, 180.30, 213.84, 583.43, 712.59
11663082, 1.18, 180.30, 213.12, 584.23, 713.54
11679082, 1.19, 180.30, 213.84, 585.03, 714.48
11695082, 1.19, 180.30, 213.84, 585.83, 715.43
11711081, 1.18, 180.30, 213.12, 586.63, 716.38
11727082, 1.19, 180.30, 213.84, 587.43, 717.33
11743081, 1.19, 180.30, 213.84, 588.24, 718.28
11759081, 1.19, 180.30, 213.84, 589.04, 719.23
11775081, 1.18, 180.30, 213.12, 589.84, 720.18
11791081, 1.19, 180.30, 213.84, 590.64, 721.13
11807081, 1.19, 180.30, 213.84, 591.44, 722.08
11823082, 1.18, 180.30, 213.12, 592.24, 723.03
11839081, 1.19, 180.30, 213.84, 593.04, 723.98
11855081, 1.18, 180.30, 213.12, 593.85, 724.92
11871082, 1.18, 180.30, 213.12, 594.65, 725.87
11887081, 1.18, 180.40, 213.24, 595.45, 726.82
11903081, 1.19, 180.30, 213.84, 596.25, 727.77
11919081, 1.18, 180.30, 213.12, 597.05, 728.72
11935082, 1.19, 180.30, 213.84, 597.85, 729.66
11951081, 1.18, 180.30, 213.12, 598.65, 730.61
11967081, 1.18, 180.30, 213.12, 599.46, 731.56
11983081, 1.18, 180.30, 213.12, 600.26, 732.51
11999081, 1.18, 180.30, 213.12, 601.06, 733.45
12015081, 1.19, 180.30, 213.84, 601.86, 734.40
12031081, 1.18, 180.30, 213.12, 602.66, 735.35
12047082, 1.18, 180.30, 213.12, 603.46, 736.29
12063082, 1.18, 180.30, 213.12, 604.26, 737.24
12079081, 1.18, 180.30, 213.12, 605.07, 738.19
12095081, 1.18, 180.40, 213.24, 605.87, 739.14
12111081, 1.18, 180.30, 213.12, 606.67, 740.08
12127081, 1.18, 180.40, 213.24, 607.47, 741.03
12143081, 1.18, 180.40, 213.24, 608.27, 741.98
12159082, 1.18, 180.40, 212.52, 609.07, 742.93
12175082, 1.18, 180.40, 213.24, 609.88, 743.87
12191081, 1.18, 180.30, 213.12, 610.68, 744.82
12207081, 1.18, 180.50, 213.36, 611.48, 745.77
12223082, 1.18, 180.30, 213.12, 612.28, 746.72
12239081, 1.18, 180.40, 213.24, 613.08, 747.66
12255081, 1.18, 180.30, 213.12, 613.88, 748.61
12271081, 1.18, 180.40, 213.24, 614.69, 749.56
12287081, 1.18, 180.30, 213.12, 615.49, 750.50
12303081, 1.18, 180.40, 213.24, 616.29, 751.45
12319081, 1.18, 180.40, 213.24, 617.09, 752.40
12335082, 1.18, 180.30, 213.12, 617.89, 753.34
12351081, 1.18, 180.40, 212.52, 618.69, 754.29
12367081, 1.18, 180.40, 212.52, 619.50, 755.23
12383081, 1.18, 180.40, 213.24, 620.30, 756.18
12399081, 1.18, 180.40, 212.52, 621.10, 757.13
12415081, 1.18, 180.40, 212.52, 621.90, 758.07
12431081, 1.18, 180.40, 212.52, 622.70, 759.02
12447081, 1.18, 180.40, 212.52, 623.50, 759.96
12463081, 1.18, 180.30, 212.40, 624.31, 760.91
12479081, 1.18, 180.30, 212.40, 625.11, 761.85
12495081, 1.18, 180.30, 212.40, 625.91, 762.80
12511082, 1.18, 180.40, 212.52, 626.71, 763.74
12527082, 1.18, 180.40, 212.51, 627.51, 764.69
12543081, 1.18, 180.40, 212.52, 628.31, 765.63
12559081, 1.18, 180.40, 212.52, 629.11, 766.58
12575082, 1.18, 180.40, 212.52, 629.92, 767.52
12591082, 1.18, 180.30, 212.40, 630.72, 768.46
12607081, 1.18, 180.40, 212.52, 631.52, 769.41
12623081, 1.18, 180.40, 212.52, 632.32, 770.35
12639081, 1.18, 180.30, 212.40, 633.12, 771.30
12655081, 1.18, 180.30, 212.40, 633.92, 772.24
12671081, 1.18, 180.30, 212.40, 634.73, 773.19
12687081, 1.18, 180.40, 212.52, 635.53, 774.13
12703081, 1.18, 180.30, 212.40, 636.33, 775.07
12719082, 1.18, 180.30, 212.40, 637.13, 776.02
12735082, 1.18, 180.30, 212.40, 637.93, 776.96
12751081, 1.18, 180.30, 212.40, 638.73, 777.91
12767081, 1.18, 180.30, 212.40, 639.53, 778.85
12783082, 1.18, 180.30, 212.40, 640.34, 779.80
12799081, 1.18, 180.40, 212.52, 641.14, 780.74
12815081, 1.17, 180.40, 211.80, 641.94, 781.68
12831082, 1.18, 180.30, 212.40, 642.74, 782.63
12847082, 1.17, 180.30, 211.68, 643.54, 783.57
12863081, 1.17, 180.20, 211.56, 644.34, 784.51
12879082, 1.17, 180.40, 211.80, 645.14, 785.45
12895081, 1.18, 180.30, 212.40, 645.95, 786.40
12911081, 1.18, 180.30, 212.40, 646.75, 787.34
12927081, 1.18, 180.40, 212.52, 647.55, 788.28
12943081, 1.17, 180.30, 211.68, 648.35, 789.22
12959081, 1.18, 180.30, 212.40, 649.15, 790.17
12975081, 1.17, 180.30, 211.68, 649.95, 791.11
12991081, 1.18, 180.30, 212.40, 650.76, 792.05
13007082, 1.18, 180.30, 212.40, 651.56, 792.99
13023081, 1.17, 180.30, 211.68, 652.36, 793.93
13039081, 1.17, 180.30, 211.68, 653.16, 794.87
13055081, 1.17, 180.30, 211.68, 653.96, 795.81
13071081, 1.17, 180.40, 211.80, 654.76, 796.75
13087081, 1.17, 180.30, 211.68, 655.56, 797.70
13103081, 1.17, 180.40, 211.80, 656.37, 798.64
13119081, 1.17, 180.30, 211.68, 657.17, 799.58
13135081, 1.17, 180.30, 211.68, 657.97, 800.52
13151081, 1.17, 180.30, 211.68, 658.77, 801.46
13167082, 1.17, 180.40, 211.80, 659.57, 802.40
13183081, 1.17, 180.30, 211.68, 660.37, 803.34
13199082, 1.17, 180.40, 211.80, 661.18, 804.28
13215081, 1.17, 180.30, 211.68, 661.98, 805.22
13231081, 1.17, 180.30, 211.68, 662.78, 806.16
13247082, 1.17, 180.30, 211.68, 663.58, 807.10
13263082, 1.17, 180.30, 211.68, 664.38, 808.04
13279082, 1.17, 180.40, 211.80, 665.18, 808.98
13295082, 1.17, 180.40, 211.07, 665.98, 809.92
13311082, 1.17, 180.30, 210.96, 666.79, 810.86
13327081, 1.17, 180.30, 211.68, 667.59, 811.80
13343082, 1.17, 180.30, 210.96, 668.39, 812.74
13359081, 1.17, 180.30, 210.96, 669.19, 813.68
13375081, 1.17, 180.30, 210.96, 669.99, 814.62
13391082, 1.17, 180.30, 210.95, 670.79, 815.56
13407081, 1.17, 180.30, 210.96, 671.59, 816.50
13423081, 1.17, 180.20, 210.84, 672.40, 817.43
13439081, 1.17, 180.30, 210.96, 673.20, 818.37
13455081, 1.17, 180.30, 210.96, 674.00, 819.31
13471082, 1.17, 180.30, 210.96, 674.80, 820.25
13487082, 1.17, 180.30, 210.96, 675.60, 821.19
13503081, 1.17, 180.30, 210.96, 676.40, 822.12
13519081, 1.17, 180.30, 210.95, 677.21, 823.06
13535081, 1.17, 180.30, 210.96, 678.01, 824.00
13551082, 1.17, 180.30, 210.96, 678.81, 824.94
13567081, 1.17, 180.30, 210.96, 679.61, 825.87
13583081, 1.17, 180.30, 210.96, 680.41, 826.81
13599081, 1.17, 180.30, 210.95, 681.21, 827.75
13615081, 1.17, 180.30, 210.96, 682.01, 828.69
13631081, 1.17, 180.30, 210.95, 682.82, 829.62
13647082, 1.17, 180.30, 210.96, 683.62, 830.56
13663081, 1.17, 180.30, 210.96, 684.42, 831.50
13679081, 1.17, 180.40, 211.08, 685.22, 832.44
13695081, 1.17, 180.30, 210.96, 686.02, 833.37
13711081, 1.17, 180.30, 210.96, 686.82, 834.31
13727082, 1.17, 180.40, 210.35, 687.62, 835.25
13743081, 1.17, 180.40, 210.35, 688.43, 836.18
13759081, 1.17, 180.40, 210.35, 689.23, 837.12
13775082, 1.17, 180.40, 210.35, 690.03, 838.06
13791081, 1.17, 180.40, 211.07, 690.83, 838.99
13807081, 1.17, 180.30, 210.24, 691.63, 839.93
13823081, 1.17, 180.30, 210.24, 692.43, 840.86
13839081, 1.17, 180.40, 210.35, 693.24, 841.80
13855081, 1.17, 180.30, 210.24, 694.04, 842.73
13871081, 1.17, 180.40, 210.35, 694.84, 843.67
13887081, 1.17, 180.30, 210.24, 695.64, 844.60
13903081, 1.17, 180.40, 210.35, 696.44, 845.54
13919081, 1.17, 180.30, 210.24, 697.24, 846.47
13935081, 1.17, 180.30, 210.24, 698.04, 847.41
13951081, 1.17, 180.30, 210.24, 698.85, 848.34
13967081, 1.17, 180.30, 210.24, 699.65, 849.28
13983082, 1.17, 180.20, 210.12, 700.45, 850.21
13999081, 1.17, 180.30, 210.24, 701.25, 851.14
14015081, 1.16, 180.30, 209.51, 702.05, 852.08
14031081, 1.17, 180.30, 210.23, 702.85, 853.01
14047081, 1.17, 180.30, 210.24, 703.66, 853.95
14063081, 1.17, 180.30, 210.24, 704.46, 854.88
14079082, 1.16, 180.40, 209.63, 705.26, 855.81
14095081, 1.17, 180.30, 210.24, 706.06, 856.75
14111082, 1.16, 180.40, 209.63, 706.86, 857.68
14127081, 1.16, 180.20, 209.40, 707.66, 858.61
14143081, 1.16, 180.30, 209.52, 708.46, 859.54
14159081, 1.17, 180.30, 210.24, 709.27, 860.48
14175081, 1.17, 180.30, 210.24, 710.07, 861.41
14191082, 1.16, 180.30, 209.51, 710.87, 862.34
14207081, 1.16, 180.30, 209.52, 711.67, 863.27
14223081, 1.16, 180.30, 209.51, 712.47, 864.20
14239081, 1.16, 180.40, 209.63, 713.27, 865.14
14255082, 1.16, 180.40, 209.63, 714.08, 866.07
14271082, 1.16, 180.30, 209.52, 714.88, 867.00
14287081, 1.16, 180.40, 209.63, 715.68, 867.93
14303082, 1.16, 180.30, 208.79, 716.48, 868.86
14319082, 1.16, 180.30, 209.51, 717.28, 869.79
14335081, 1.16, 180.30, 209.51, 718.08, 870.72
14351081, 1.16, 180.40, 209.63, 718.89, 871.65
14367082, 1.16, 180.40, 209.63, 719.69, 872.59
14383081, 1.16, 180.30, 208.79, 720.49, 873.52
14399081, 1.16, 180.30, 209.51, 721.29, 874.45
14415081, 1.16, 180.30, 208.79, 722.09, 875.38
14431082, 1.16, 180.40, 208.91, 722.89, 876.31
14447081, 1.16, 180.40, 208.91, 723.69, 877.24
14463081, 1.16, 180.40, 208.91, 724.50, 878.17
14479081, 1.16, 180.30, 209.51, 725.30, 879.10
14495081, 1.16, 180.30, 208.79, 726.10, 880.02
14511081, 1.16, 180.30, 208.79, 726.90, 880.95
14527081, 1.16, 180.30, 208.79, 727.70, 881.88
14543082, 1.16, 180.30, 208.79, 728.50, 882.81
14559082, 1.16, 180.30, 208.79, 729.30, 883.74
14575082, 1.16, 180.30, 208.79, 730.11, 884.66
14591081, 1.16, 180.30, 208.79, 730.91, 885.59
14607081, 1.16, 180.20, 208.68, 731.71, 886.52
14623082, 1.16, 180.30, 208.79, 732.51, 887.45
14639081, 1.16, 180.30, 208.79, 733.31, 888.37
14655081, 1.16, 180.30, 208.79, 734.11, 889.30
14671081, 1.16, 180.30, 208.79, 734.91, 890.23
14687081, 1.15, 180.30, 208.07, 735.72, 891.16
14703081, 1.16, 180.30, 208.79, 736.52, 892.08
14719082, 1.15, 180.30, 208.07, 737.32, 893.01
14735081, 1.15, 180.30, 208.07, 738.12, 893.93
14751081, 1.15, 180.20, 207.95, 738.92, 894.86
14767082, 1.15, 180.30, 208.07, 739.72, 895.79
14783081, 1.16, 180.20, 208.68, 740.52, 896.71
14799081, 1.15, 180.30, 208.07, 741.33, 897.64
14815081, 1.15, 180.30, 208.07, 742.13, 898.56
14831081, 1.15, 180.20, 207.96, 742.93, 899.49
14847081, 1.15, 180.30, 208.07, 743.73, 900.41
14863082, 1.15, 180.30, 208.07, 744.53, 901.34
14879081, 1.15, 180.30, 208.07, 745.33, 902.26
14895082, 1.15, 180.40, 208.19, 746.13, 903.19
14911081, 1.15, 180.30, 208.07, 746.94, 904.11
14927081, 1.15, 180.30, 208.07, 747.74, 905.03
14943081, 1.15, 180.40, 208.19, 748.54, 905.96
14959081, 1.15, 180.30, 208.07, 749.34, 906.88
14975081, 1.15, 180.40, 208.19, 750.14, 907.81
14991081, 1.15, 180.30, 208.07, 750.94, 908.73
15007081, 1.15, 180.30, 207.35, 751.74, 909.65
15023081, 1.15, 180.30, 208.07, 752.55, 910.58
15039081, 1.15, 180.30, 207.35, 753.35, 911.50
15055082, 1.15, 180.30, 207.35, 754.15, 912.42
15071081, 1.15, 180.30, 207.35, 754.95, 913.34
15087081, 1.15, 180.30, 207.35, 755.75, 914.27
15103081, 1.15, 180.30, 207.35, 756.55, 915.19
15119081, 1.15, 180.30, 207.35, 757.35, 916.11
15135081, 1.15, 180.30, 207.35, 758.15, 917.03
15151081, 1.15, 180.30, 207.35, 758.96, 917.95
15167081, 1.15, 180.40, 207.47, 759.76, 918.87
15183082, 1.15, 180.30, 207.35, 760.56, 919.80
15199081, 1.15, 180.40, 207.47, 761.36, 920.72
15215081, 1.15, 180.30, 206.63, 762.16, 921.64
15231082, 1.15, 180.30, 206.63, 762.96, 922.56
15247081, 1.15, 180.30, 206.63, 763.76, 923.48
15263082, 1.15, 180.40, 207.47, 764.57, 924.40
15279082, 1.15, 180.40, 206.75, 765.37, 925.32
15295081, 1.15, 180.30, 206.63, 766.17, 926.24
15311081, 1.15, 180.30, 206.63, 766.97, 927.15
15327082, 1.15, 180.30, 206.63, 767.77, 928.07
15343081, 1.15, 180.30, 206.63, 768.57, 928.99
15359082, 1.15, 180.30, 206.63, 769.38, 929.91
15375081, 1.15, 180.20, 206.51, 770.18, 930.83
15391081, 1.15, 180.20, 206.52, 770.98, 931.74
15407082, 1.15, 180.40, 206.74, 771.78, 932.66
15423081, 1.14, 180.30, 205.91, 772.58, 933.58
15439081, 1.15, 180.30, 206.63, 773.38, 934.50
15455081, 1.14, 180.40, 206.02, 774.19, 935.42
15471081, 1.14, 180.30, 205.91, 774.99, 936.33
15487081, 1.14, 180.40, 206.02, 775.79, 937.25
15503082, 1.14, 180.40, 206.02, 776.59, 938.17
15519081, 1.14, 180.20, 205.79, 777.39, 939.08
15535081, 1.14, 180.30, 205.91, 778.19, 940.00
15551081, 1.14, 180.30, 205.91, 778.99, 940.91
15567081, 1.14, 180.30, 205.91, 779.80, 941.83
15583082, 1.14, 180.30, 205.91, 780.60, 942.74
15599081, 1.14, 180.40, 206.02, 781.40, 943.66
15615081, 1.14, 180.40, 205.30, 782.20, 944.58
15631082, 1.14, 180.30, 205.19, 783.00, 945.49
15647081, 1.14, 180.40, 206.02, 783.80, 946.41
15663081, 1.14, 180.30, 205.91, 784.61, 947.32
15679081, 1.14, 180.30, 205.91, 785.41, 948.23
15695081, 1.14, 180.30, 205.19, 786.21, 949.15
15711081, 1.14, 180.30, 205.19, 787.01, 950.06
15727081, 1.14, 180.40, 205.30, 787.81, 950.97
15743081, 1.14, 180.40, 205.30, 788.61, 951.89
15759081, 1.14, 180.30, 205.91, 789.41, 952.80
15775081, 1.14, 180.30, 205.19, 790.22, 953.71
15791082, 1.14, 180.30, 205.19, 791.02, 954.62
15807081, 1.14, 180.30, 205.19, 791.82, 955.53
15823081, 1.14, 180.30, 205.19, 792.62, 956.45
15839081, 1.14, 180.30, 205.19, 793.42, 957.36
15855081, 1.13, 180.40, 204.58, 794.22, 958.27
15871082, 1.14, 180.30, 205.19, 795.03, 959.18
15887081, 1.14, 180.30, 205.19, 795.83, 960.09
15903081, 1.13, 180.30, 204.47, 796.63, 961.00
15919081, 1.13, 180.30, 204.47, 797.43, 961.91
15935081, 1.13, 180.30, 204.47, 798.23, 962.82
15951081, 1.13, 180.40, 204.58, 799.03, 963.73
15967081, 1.13, 180.30, 204.47, 799.83, 964.64
15983081, 1.13, 180.30, 204.47, 800.64, 965.55
15999081, 1.13, 180.30, 204.46, 801.44, 966.46
16015081, 1.13, 180.40, 204.58, 802.24, 967.37
16031082, 1.13, 180.20, 204.35, 803.04, 968.28
16047082, 1.13, 180.30, 204.47, 803.84, 969.19
16063082, 1.13, 180.30, 204.47, 804.64, 970.09
16079081, 1.13, 180.40, 203.86, 805.44, 971.00
16095081, 1.13, 180.20, 203.63, 806.25, 971.91
16111081, 1.13, 180.30, 203.74, 807.05, 972.81
16127081, 1.13, 180.40, 203.86, 807.85, 973.72
16143081, 1.13, 180.40, 203.86, 808.65, 974.62
16159081, 1.13, 180.30, 203.75, 809.45, 975.53
16175081, 1.13, 180.30, 203.75, 810.25, 976.44
16191082, 1.13, 180.30, 203.75, 811.05, 977.34
16207081, 1.13, 180.20, 203.63, 811.86, 978.25
16223081, 1.13, 180.40, 203.86, 812.66, 979.15
16239081, 1.13, 180.30, 203.02, 813.46, 980.06
16255081, 1.13, 180.30, 203.02, 814.26, 980.96
16271081, 1.13, 180.40, 203.13, 815.06, 981.86
16287081, 1.13, 180.30, 203.02, 815.86, 982.77
16303081, 1.13, 180.30, 203.02, 816.66, 983.67
16319082, 1.13, 180.40, 203.14, 817.47, 984.57
16335082, 1.13, 180.30, 203.03, 818.27, 985.47
16351082, 1.13, 180.30, 203.02, 819.07, 986.38
16367081, 1.13, 180.40, 203.14, 819.87, 987.28
16383081, 1.13, 180.30, 203.02, 820.67, 988.18
16399081, 1.13, 180.30, 203.02, 821.47, 989.08
16415082, 1.13, 180.40, 203.14, 822.28, 989.98
16431082, 1.12, 180.30, 202.30, 823.08, 990.88
16447081, 1.12, 180.30, 202.30, 823.88, 991.78
16463081, 1.12, 180.30, 202.30, 824.68, 992.68
16479081, 1.12, 180.40, 202.41, 825.48, 993.58
16495081, 1.12, 180.40, 202.41, 826.28, 994.48
16511081, 1.12, 180.30, 202.30, 827.08, 995.38
16527082, 1.12, 180.40, 202.42, 827.88, 996.28
16543081, 1.12, 180.20, 202.19, 828.69, 997.18
16559081, 1.12, 180.20, 202.19, 829.49, 998.08
16575082, 1.12, 180.30, 202.30, 830.29, 998.98
16591081, 1.12, 180.30, 201.58, 831.09, 999.87
16607081, 1.12, 180.20, 201.47, 831.89, 1000.77
16623081, 1.12, 180.40, 201.69, 832.69, 1001.67
16639081, 1.12, 180.30, 201.58, 833.49, 1002.56
16655081, 1.12, 180.30, 201.58, 834.29, 1003.46
16671081, 1.12, 180.30, 201.58, 835.10, 1004.35
16687081, 1.12, 180.30, 201.58, 835.90, 1005.25
16703081, 1.12, 180.30, 201.58, 836.70, 1006.14
16719081, 1.12, 180.30, 201.58, 837.50, 1007.04
16735082, 1.11, 180.30, 200.86, 838.30, 1007.93
16751082, 1.11, 180.30, 200.86, 839.10, 1008.83
16767081, 1.11, 180.30, 200.86, 839.90, 1009.72
16783081, 1.11, 180.40, 200.97, 840.71, 1010.61
16799081, 1.11, 180.30, 200.86, 841.51, 1011.50
16815081, 1.11, 180.40, 200.97, 842.31, 1012.40
16831081, 1.11, 180.30, 200.86, 843.11, 1013.29
16847081, 1.11, 180.40, 200.97, 843.91, 1014.18
16863081, 1.11, 180.30, 200.14, 844.71, 1015.07
16879081, 1.11, 180.30, 200.14, 845.52, 1015.96
16895081, 1.11, 180.40, 200.25, 846.32, 1016.85
16911081, 1.11, 180.20, 200.03, 847.12, 1017.74
16927081, 1.11, 180.40, 200.25, 847.92, 1018.63
16943081, 1.11, 180.30, 199.42, 848.72, 1019.52
16959081, 1.11, 180.30, 199.42, 849.52, 1020.40
16975081, 1.11, 180.40, 199.53, 850.33, 1021.29
16991082, 1.11, 180.40, 199.53, 851.13, 1022.18
17007081, 1.11, 180.30, 199.42, 851.93, 1023.06
17023081, 1.11, 180.30, 199.42, 852.73, 1023.95
17039081, 1.11, 180.30, 199.42, 853.53, 1024.84
17055081, 1.11, 180.20, 199.31, 854.33, 1025.72
17071081, 1.10, 180.40, 198.81, 855.13, 1026.61
17087082, 1.11, 180.40, 199.53, 855.94, 1027.49
17103081, 1.10, 180.30, 198.70, 856.74, 1028.37
17119081, 1.10, 180.30, 198.70, 857.54, 1029.26
17135081, 1.10, 180.30, 198.70, 858.34, 1030.14
17151081, 1.10, 180.40, 198.81, 859.14, 1031.02
17167081, 1.10, 180.30, 197.98, 859.94, 1031.91
17183081, 1.10, 180.30, 197.98, 860.75, 1032.79
17199081, 1.10, 180.40, 198.08, 861.55, 1033.67
17215081, 1.10, 180.30, 197.97, 862.35, 1034.55
17231081, 1.09, 180.30, 197.25, 863.15, 1035.43
17247081, 1.10, 180.40, 198.08, 863.95, 1036.31
17263081, 1.09, 180.30, 197.25, 864.75, 1037.19
17279081, 1.09, 180.30, 197.25, 865.55, 1038.06
17295081, 1.09, 180.30, 197.25, 866.36, 1038.94
17311081, 1.09, 180.30, 197.26, 867.16, 1039.82
17327081, 1.09, 180.30, 197.26, 867.96, 1040.69
17343081, 1.09, 180.40, 196.64, 868.76, 1041.57
17359081, 1.09, 180.30, 196.53, 869.56, 1042.45
17375081, 1.09, 180.30, 196.53, 870.36, 1043.32
17391081, 1.09, 180.30, 196.53, 871.16, 1044.19
17407081, 1.09, 180.30, 196.53, 871.97, 1045.07
17423081, 1.09, 180.30, 195.81, 872.77, 1045.94
17439081, 1.09, 180.30, 195.81, 873.57, 1046.81
17455081, 1.09, 180.30, 195.81, 874.37, 1047.68
17471081, 1.09, 180.30, 195.81, 875.17, 1048.55
17487081, 1.09, 180.40, 195.92, 875.97, 1049.42
17503081, 1.08, 180.30, 195.09, 876.78, 1050.29
17519081, 1.08, 180.30, 195.09, 877.58, 1051.16
17535082, 1.08, 180.40, 195.20, 878.38, 1052.03
17551082, 1.08, 180.30, 195.09, 879.18, 1052.90
17567081, 1.08, 180.30, 195.09, 879.98, 1053.76
17583082, 1.08, 180.20, 194.98, 880.78, 1054.63
17599081, 1.08, 180.30, 194.37, 881.58, 1055.49
17615082, 1.08, 180.30, 194.37, 882.38, 1056.36
17631081, 1.08, 180.30, 194.37, 883.19, 1057.22
17647081, 1.08, 180.30, 194.37, 883.99, 1058.08
17663081, 1.07, 180.20, 193.54, 884.79, 1058.95
17679081, 1.07, 180.30, 193.65, 885.59, 1059.81
17695081, 1.07, 180.30, 193.65, 886.39, 1060.67
17711082, 1.07, 180.30, 193.65, 887.19, 1061.53
17727082, 1.07, 180.30, 192.93, 887.99, 1062.39
17743081, 1.07, 180.20, 192.82, 888.80, 1063.24
17759081, 1.07, 180.30, 192.20, 889.60, 1064.10
17775082, 1.07, 180.30, 192.21, 890.40, 1064.96
17791081, 1.07, 180.30, 192.21, 891.20, 1065.81
17807081, 1.07, 180.30, 192.21, 892.00, 1066.67
17823081, 1.07, 180.30, 192.21, 892.80, 1067.52
17839081, 1.06, 180.30, 191.48, 893.60, 1068.37
17855081, 1.06, 180.30, 191.48, 894.41, 1069.22
17871082, 1.06, 180.40, 191.59, 895.21, 1070.07
17887081, 1.06, 180.40, 190.87, 896.01, 1070.92
17903082, 1.06, 180.30, 190.76, 896.81, 1071.77
17919081, 1.06, 180.40, 190.87, 897.61, 1072.62
17935082, 1.05, 180.30, 190.04, 898.41, 1073.47
17951081, 1.05, 180.30, 190.04, 899.22, 1074.31
17967082, 1.05, 180.30, 190.04, 900.02, 1075.16
17983082, 1.05, 180.30, 189.32, 900.82, 1076.00
17999082, 1.05, 180.30, 189.32, 901.62, 1076.84
18015081, 1.05, 180.20, 189.21, 902.42, 1077.69
18031081, 1.05, 180.30, 189.32, 903.22, 1078.53
18047081, 1.05, 180.30, 188.60, 904.02, 1079.36
18063082, 1.04, 180.40, 187.98, 904.83, 1080.20
18079081, 1.04, 180.30, 187.88, 905.63, 1081.04
18095081, 1.04, 180.30, 187.88, 906.43, 1081.87
18111081, 1.04, 180.30, 187.16, 907.23, 1082.71
18127081, 1.04, 180.30, 187.16, 908.03, 1083.54
18143081, 1.04, 180.30, 187.16, 908.83, 1084.37
18159081, 1.03, 180.30, 186.44, 909.64, 1085.20
18175082, 1.03, 180.30, 185.71, 910.44, 1086.03
18191081, 1.03, 180.30, 185.71, 911.24, 1086.85
18207081, 1.03, 180.30, 184.99, 912.04, 1087.68
18223082, 1.03, 180.30, 184.99, 912.84, 1088.50
18239081, 1.03, 180.30, 184.99, 913.64, 1089.33
18255081, 1.02, 180.30, 184.27, 914.44, 1090.15
18271081, 1.02, 180.40, 184.37, 915.25, 1090.97
18287081, 1.02, 180.30, 183.55, 916.05, 1091.78
18303081, 1.02, 180.30, 183.55, 916.85, 1092.60
18319081, 1.01, 180.40, 182.93, 917.65, 1093.41
18335081, 1.01, 180.30, 182.83, 918.45, 1094.22
18351081, 1.01, 180.40, 182.21, 919.25, 1095.03
18367081, 1.01, 180.40, 181.49, 920.06, 1095.84
18383081, 1.01, 180.30, 181.39, 920.86, 1096.65
18399082, 1.00, 180.30, 180.66, 921.66, 1097.45
18400081, 1.00, 180.20, 179.84, 921.71, 1097.50
